{

"metadata":
{
"sourceFile": "moduli_final.max",
"generatedBy": "3ds max ThreeJSExporter",
"formatVersion": 3.1,
"vertices": 104,
"normals": 174,
"colors": 0,
"uvs": 172,
"triangles": 174,
"materials": 1
},

"materials": [
{
"DbgIndex" : 0,
"DbgName"  : "14 - Default",
"colorDiffuse"  : [0.5882, 0.5882, 0.5882],
"colorAmbient"  : [0.5882, 0.5882, 0.5882],
"colorSpecular"  : [0.9000, 0.9000, 0.9000],
"transparency"  : 1.0,
"specularCoef"  : 10.0,
"mapDiffuse"    : "door_AO.tga",
"vertexColors" : false
}

],

"vertices": [-42.8247,53.5069,2.80032,-42.8247,94.4404,2.80032,-47.4421,139.91,2.80032,-47.4421,148.344,2.80032,-47.4421,-0.39669,2.80032,-47.4421,8.03691,2.80032,-56.9924,130.376,2.80032,-56.9924,17.5714,2.80032,-56.9924,108.85,2.80032,-56.9924,39.0973,2.80032,54.3786,53.5069,2.80032,54.3786,94.4404,2.80032,59.214,139.91,2.80032,59.214,148.344,2.80032,59.214,8.03691,2.80032,59.214,-0.39669,2.80032,68.7643,130.376,2.80032,68.7643,17.5714,2.80032,68.7643,108.85,2.80032,68.7643,39.0973,2.80032,-80.3672,53.5069,2.80032,-80.3672,94.4404,2.80032,-80.3672,139.91,2.80032,-80.3672,148.344,2.80032,-80.3672,-0.39669,2.80032,-80.3672,8.03691,2.80032,-80.3672,130.376,2.80032,-80.3672,17.5714,2.80032,-80.3672,108.85,2.80032,-80.3672,39.0973,2.80032,65.8698,53.5069,2.80032,65.8698,94.4404,2.80032,70.9464,139.91,2.80032,70.9464,148.344,2.80032,80.3672,8.03691,2.80032,70.9464,-0.39669,2.80032,80.3672,130.376,2.80032,80.3672,17.5714,2.80032,80.3672,108.85,2.80032,80.3672,39.0973,2.80032,-56.9924,130.376,0.0935364,-56.9924,108.85,0.0935364,-42.8247,94.4404,0.0935364,54.3786,94.4404,0.0935364,68.7643,108.85,0.0935364,68.7643,130.376,0.0935364,-56.9924,39.0973,0.0935364,-56.9924,17.5714,0.0935364,68.7643,17.5714,0.0935364,68.7643,39.0973,0.0935364,54.3786,53.5069,0.0935364,-42.8247,53.5069,0.0935364,59.214,139.91,-2.80032,59.214,148.344,-2.80032,-47.4421,148.344,-2.80032,-47.4421,139.91,-2.80032,68.7643,130.376,-2.80032,-56.9924,130.376,-2.80032,68.7643,108.85,-0.0935822,68.7643,130.376,-0.0935822,-56.9924,130.376,-0.0935822,-56.9924,108.85,-0.0935822,54.3786,94.4404,-0.0935822,-42.8247,94.4404,-0.0935822,54.3786,53.5069,-2.80032,54.3786,94.4404,-2.80032,-42.8247,94.4404,-2.80032,-42.8247,53.5069,-2.80032,68.7643,39.0973,-0.0935822,54.3786,53.5069,-0.0935822,-42.8247,53.5069,-0.0935822,-56.9924,39.0973,-0.0935822,68.7643,17.5714,-0.0935822,-56.9924,17.5714,-0.0935822,59.214,8.03691,-2.80032,68.7643,17.5714,-2.80032,-56.9924,17.5714,-2.80032,-47.4421,8.03691,-2.80032,59.214,-0.39669,-2.80032,-47.4421,-0.39669,-2.80032,-80.3672,94.4404,-2.80032,-80.3672,53.5069,-2.80032,-80.3672,148.344,-2.80032,-80.3672,139.91,-2.80032,-80.3672,8.03691,-2.80032,-80.3672,-0.39669,-2.80032,-80.3672,130.376,-2.80032,-80.3672,17.5714,-2.80032,-56.9924,108.85,-2.80032,-80.3672,108.85,-2.80032,-56.9924,39.0973,-2.80032,-80.3672,39.0973,-2.80032,65.8698,53.5069,-2.80032,65.8698,94.4404,-2.80032,70.9464,139.91,-2.80032,70.9464,148.344,-2.80032,70.9464,-0.39669,-2.80032,80.3672,8.03691,-2.80032,80.3672,130.376,-2.80032,80.3672,17.5714,-2.80032,68.7643,108.85,-2.80032,80.3672,108.85,-2.80032,68.7643,39.0973,-2.80032,80.3672,39.0973,-2.80032],

"normals": [0.0,0.0,1.0,0.0,0.0,1.0,0.0,0.0,1.0,0.0,0.0,1.0,0.0,0.0,1.0,0.0,0.0,1.0,0.0,0.0,1.0,0.0,0.0,1.0,0.0,0.0,1.0,0.0,0.0,1.0,0.0,0.0,1.0,0.0,0.0,1.0,0.0,0.0,1.0,0.0,0.0,1.0,0.0,0.0,1.0,0.0,0.0,1.0,0.0,0.0,1.0,0.0,0.0,1.0,0.0,0.0,1.0,0.0,0.0,1.0,0.0,0.0,1.0,0.0,0.0,1.0,0.0,0.0,1.0,0.0,0.0,1.0,0.0,0.0,1.0,0.0,0.0,1.0,0.0,0.0,1.0,0.0,0.0,1.0,0.0,0.0,1.0,0.0,0.0,1.0,0.0,0.0,1.0,0.0,0.0,1.0,0.0,0.0,1.0,0.0,0.0,1.0,0.0,0.0,1.0,0.0,0.0,1.0,0.0,0.0,1.0,0.0,0.0,1.0,0.0,0.0,1.0,0.0,0.0,1.0,0.0,0.0,1.0,0.0,0.0,1.0,0.0,0.0,1.0,0.0,0.0,1.0,0.0,0.0,1.0,0.0,0.0,1.0,0.0,0.0,1.0,0.0,0.0,1.0,0.0,0.0,1.0,0.0,0.0,1.0,0.0,0.0,1.0,0.0,0.0,1.0,0.0,0.0,1.0,0.0,0.0,1.0,1.0,0.0,0.0,1.0,0.0,0.0,0.713067,0.701096,0.0,0.713067,0.701096,0.0,0.0,1.0,0.0,0.0,1.0,0.0,-0.707694,0.706519,0.0,-0.707694,0.706519,0.0,-1.0,0.0,0.0,-1.0,0.0,0.0,0.0,-1.0,0.0,0.0,-1.0,0.0,1.0,0.0,0.0,1.0,0.0,0.0,0.0,1.0,0.0,0.0,1.0,0.0,-1.0,0.0,0.0,-1.0,0.0,0.0,-0.707694,-0.706519,0.0,-0.707694,-0.706519,0.0,0.0,-1.0,0.0,0.0,-1.0,0.0,0.713066,-0.701097,0.0,0.713066,-0.701097,0.0,1.0,0.0,0.0,1.0,0.0,0.0,0.711331,0.702857,0.0,0.711331,0.702857,0.0,1.0,0.0,0.0,1.0,0.0,0.0,0.704957,0.70925,0.0,0.704957,0.70925,0.0,0.0,0.0,-1.0,0.0,0.0,-1.0,0.0,0.0,-1.0,0.0,0.0,-1.0,0.0,0.0,-1.0,0.0,0.0,-1.0,0.0,0.0,-1.0,0.0,0.0,-1.0,0.0,0.0,-1.0,0.0,0.0,-1.0,0.0,0.0,-1.0,0.0,0.0,-1.0,0.0,0.0,-1.0,0.0,0.0,-1.0,0.0,0.0,-1.0,0.0,0.0,-1.0,0.0,0.0,-1.0,0.0,0.0,-1.0,0.0,0.0,-1.0,0.0,0.0,-1.0,0.0,0.0,-1.0,0.0,0.0,-1.0,0.0,0.0,-1.0,0.0,0.0,-1.0,0.0,0.0,-1.0,0.0,0.0,-1.0,0.0,0.0,-1.0,0.0,0.0,-1.0,0.0,0.0,-1.0,0.0,0.0,-1.0,0.0,0.0,-1.0,0.0,0.0,-1.0,0.0,0.0,-1.0,0.0,0.0,-1.0,0.0,0.0,-1.0,0.0,0.0,-1.0,0.0,0.0,-1.0,0.0,0.0,-1.0,0.0,0.0,-1.0,0.0,0.0,-1.0,0.0,0.0,-1.0,0.0,0.0,-1.0,0.0,0.0,-1.0,0.0,0.0,-1.0,0.0,0.0,-1.0,0.0,0.0,-1.0,0.0,0.0,-1.0,0.0,0.0,-1.0,0.0,0.0,-1.0,0.0,0.0,-1.0,0.0,0.0,-1.0,0.0,0.0,-1.0,0.0,0.0,-1.0,0.0,0.0,-1.0,1.0,0.0,0.0,1.0,0.0,0.0,0.713067,0.701096,0.0,0.713067,0.701096,0.0,0.0,1.0,0.0,0.0,1.0,0.0,-0.707694,0.706519,0.0,-0.707694,0.706519,0.0,-1.0,0.0,0.0,-1.0,0.0,0.0,0.0,-1.0,0.0,0.0,-1.0,0.0,1.0,0.0,0.0,1.0,0.0,0.0,0.0,1.0,0.0,0.0,1.0,0.0,-1.0,0.0,0.0,-1.0,0.0,0.0,-0.707694,-0.706519,0.0,-0.707694,-0.706519,0.0,0.0,-1.0,0.0,0.0,-1.0,0.0,0.713066,-0.701097,0.0,0.713066,-0.701097,0.0,1.0,0.0,0.0,1.0,0.0,0.0,0.666988,-0.745068,0.0,0.666988,-0.745068,0.0,1.0,0.0,0.0,1.0,0.0,0.0,1.0,0.0,0.0,1.0,0.0,0.0,0.704957,-0.70925,0.0,0.704957,-0.70925,0.0],

"colors": [],